{
	"info": {
		"_postman_id": "05341284-9116-43be-aa87-1dd18611b458",
		"name": "PizzaOrder",
		"schema": "https://schema.getpostman.com/json/collection/v2.1.0/collection.json"
	},
	"item": [
		{
			"name": "Order Pizza",
			"request": {
				"method": "POST",
				"header": [],
				"body": {
					"mode": "raw",
					"raw": "{\n    \"ingredient\":\"mushroom\",\n    \"qty\":5\n}\n",
					"options": {
						"raw": {
							"language": "json"
						}
					}
				},
				"url": {
					"raw": "http://localhost:8080/pizzaorder",
					"protocol": "http",
					"host": [
						"localhost"
					],
					"port": "8080",
					"path": [
						"pizzaorder"
					]
				}
			},
			"response": []
		},
		{
			"name": "Order Pizza",
			"request": {
				"method": "POST",
				"header": [],
				"body": {
					"mode": "raw",
					"raw": "{\n   \"ingredient\":\"mushroom\",\n    \"qty\":5\n}",
					"options": {
						"raw": {
							"language": "json"
						}
					}
				},
				"url": {
					"raw": "http://localhost:8080/pizzaorder",
					"protocol": "http",
					"host": [
						"localhost"
					],
					"port": "8080",
					"path": [
						"pizzaorder"
					]
				}
			},
			"response": []
		},
		{
			"name": "Order Pizza",
			"request": {
				"method": "POST",
				"header": [],
				"body": {
					"mode": "raw",
					"raw": "{\n   \"ingredient\":\"mushroom\",\n    \"qty\":3\n}",
					"options": {
						"raw": {
							"language": "json"
						}
					}
				},
				"url": {
					"raw": "http://localhost:8080/pizzaorder",
					"protocol": "http",
					"host": [
						"localhost"
					],
					"port": "8080",
					"path": [
						"pizzaorder"
					]
				}
			},
			"response": []
		},
		{
			"name": "Order Pizza",
			"request": {
				"method": "POST",
				"header": [],
				"body": {
					"mode": "raw",
					"raw": "{\n   \"ingredient\":\"pepperoni\",\n    \"qty\":3\n}",
					"options": {
						"raw": {
							"language": "json"
						}
					}
				},
				"url": {
					"raw": "http://localhost:8080/pizzaorder",
					"protocol": "http",
					"host": [
						"localhost"
					],
					"port": "8080",
					"path": [
						"pizzaorder"
					]
				}
			},
			"response": []
		},
		{
			"name": "Add ovens",
			"request": {
				"method": "POST",
				"header": [],
				"body": {
					"mode": "raw",
					"raw": "{\n      \"qty\":1\n}",
					"options": {
						"raw": {
							"language": "json"
						}
					}
				},
				"url": {
					"raw": "http://localhost:8080/pizzaorder/addOvens",
					"protocol": "http",
					"host": [
						"localhost"
					],
					"port": "8080",
					"path": [
						"pizzaorder",
						"addOvens"
					]
				}
			},
			"response": []
		},
		{
			"name": "Get number of Ovens",
			"protocolProfileBehavior": {
				"disableBodyPruning": true
			},
			"request": {
				"method": "GET",
				"header": [],
				"body": {
					"mode": "raw",
					"raw": "{\n      \"qty\":1\n}",
					"options": {
						"raw": {
							"language": "json"
						}
					}
				},
				"url": {
					"raw": "http://localhost:8080/pizzaorder/getOvens",
					"protocol": "http",
					"host": [
						"localhost"
					],
					"port": "8080",
					"path": [
						"pizzaorder",
						"getOvens"
					]
				}
			},
			"response": []
		}
	],
	"protocolProfileBehavior": {}
}